,Name,silhouette_avg,davies_bouldin_avg
0,ICD9_CODE_procedures,0.06998743896732415,6.330017458782691
1,CCS CODES_proc,0.2967818405759423,1.2695927544474377
