,Name,silhouette_avg,davies_bouldin_avg
0,ICD9_CODE_procedures,0.06998743896732415,6.330017458782691
1,CCS CODES_proc,0.2967818405759423,1.2695927544474377
2,cat_threshold .95 most frequent_proc,0.18008338016967224,1.9624756973133692
3,cat_threshold .88 most frequent,0.2148738065958854,1.609941824191365
4,cat_threshold .98 most frequent,0.25575770266840625,5.187179955460842
5,cat_threshold .999 most frequent,0.43621852089352087,5.646047776138935
6,sincodigo,0.3126220429931131,0.6492363486435065
