,Name,count,mean,std,min,25%,50%,75%,max,Min >,Unique_codes,Unique_codes_icd9
0,CCS CODES_proc,42214.0,5.686194153598333,5.620024736284643,1.0,2.0,4.0,7.0,98.0,1.0,221,2009
1,cat_threshold .95 most frequent_proc,7449.0,1.6164585850449724,1.2164521903694159,1.0,1.0,1.0,2.0,26.0,1.0,444,2009
2,cat_threshold .88 most frequent,13905.0,2.0804027328299175,1.7738614426644455,1.0,1.0,1.0,2.0,37.0,1.0,216,2009
3,cat_threshold .98 most frequent,3425.0,1.4037956204379562,0.8982314296479773,1.0,1.0,1.0,1.0,10.0,1.0,752,2009
4,cat_threshold .999 most frequent,229.0,1.0524017467248907,0.2233239626140404,1.0,1.0,1.0,1.0,2.0,1.0,1773,2009
