,Name,count,mean,std,min,25%,50%,75%,max,Min >,Unique_codes,Unique_codes_icd9
0,CCS CODES_proc,52243.0,4.594625117240588,3.822726992433945,1.0,2.0,3.0,6.0,40.0,1.0,221,2009
1,cat_threshold .95 most frequent_proc,7970.0,1.5107904642409034,1.048669571651446,1.0,1.0,1.0,2.0,17.0,1.0,444,2009
2,cat_threshold .88 most frequent,15722.0,1.8399694695331383,1.4598361663391226,1.0,1.0,1.0,2.0,23.0,1.0,216,2009
3,cat_threshold .98 most frequent,3550.0,1.3543661971830987,0.8322546962239228,1.0,1.0,1.0,1.0,9.0,1.0,752,2009
4,cat_threshold .999 most frequent,229.0,1.0524017467248907,0.2233239626140404,1.0,1.0,1.0,1.0,2.0,1.0,1773,2009
